Prayer Name,Time and Date,Month
Isha,2025-12-21 18:22:00,Rajab
Fajr,2025-12-22 05:14:00,Rajab
Dhuhr,2025-12-22 11:53:00,Rajab
Asr,2025-12-22 14:41:00,Rajab
Maghrib,2025-12-22 16:59:00,Rajab
Isha,2025-12-22 18:22:00,Rajab
Fajr,2025-12-23 05:14:00,Rajab
Dhuhr,2025-12-23 11:53:00,Rajab
Asr,2025-12-23 14:41:00,Rajab
Maghrib,2025-12-23 17:00:00,Rajab
Isha,2025-12-23 18:23:00,Rajab
Fajr,2025-12-24 05:15:00,Rajab
Dhuhr,2025-12-24 11:54:00,Rajab
Asr,2025-12-24 14:42:00,Rajab
Maghrib,2025-12-24 17:00:00,Rajab
Isha,2025-12-24 18:23:00,Rajab
Fajr,2025-12-25 05:15:00,Rajab
Dhuhr,2025-12-25 11:54:00,Rajab
Asr,2025-12-25 14:43:00,Rajab
Maghrib,2025-12-25 17:01:00,Rajab
Isha,2025-12-25 18:24:00,Rajab
Fajr,2025-12-26 05:16:00,Rajab
Dhuhr,2025-12-26 11:55:00,Rajab
Asr,2025-12-26 14:43:00,Rajab
Maghrib,2025-12-26 17:02:00,Rajab
Isha,2025-12-26 18:25:00,Rajab
Fajr,2025-12-27 05:16:00,Rajab
Dhuhr,2025-12-27 11:55:00,Rajab
Asr,2025-12-27 14:44:00,Rajab
Maghrib,2025-12-27 17:02:00,Rajab
Isha,2025-12-27 18:25:00,Rajab
Fajr,2025-12-28 05:17:00,Rajab
Dhuhr,2025-12-28 11:56:00,Rajab
Asr,2025-12-28 14:44:00,Rajab
Maghrib,2025-12-28 17:03:00,Rajab
Isha,2025-12-28 18:26:00,Rajab
Fajr,2025-12-29 05:17:00,Rajab
Dhuhr,2025-12-29 11:56:00,Rajab
Asr,2025-12-29 14:45:00,Rajab
Maghrib,2025-12-29 17:03:00,Rajab
Isha,2025-12-29 18:26:00,Rajab
Fajr,2025-12-30 05:17:00,Rajab
Dhuhr,2025-12-30 11:57:00,Rajab
Asr,2025-12-30 14:46:00,Rajab
Maghrib,2025-12-30 17:04:00,Rajab
Isha,2025-12-30 18:27:00,Rajab
Fajr,2025-12-31 05:18:00,Rajab
Dhuhr,2025-12-31 11:57:00,Rajab
Asr,2025-12-31 14:46:00,Rajab
Maghrib,2025-12-31 17:05:00,Rajab
Isha,2025-12-31 18:28:00,Rajab
Fajr,2026-01-01 05:18:00,Rajab
Dhuhr,2026-01-01 11:58:00,Rajab
Asr,2026-01-01 14:47:00,Rajab
Maghrib,2026-01-01 17:05:00,Rajab
Isha,2026-01-01 18:28:00,Rajab
Fajr,2026-01-02 05:18:00,Rajab
Dhuhr,2026-01-02 11:58:00,Rajab
Asr,2026-01-02 14:47:00,Rajab
Maghrib,2026-01-02 17:06:00,Rajab
Isha,2026-01-02 18:29:00,Rajab
Fajr,2026-01-03 05:18:00,Rajab
Dhuhr,2026-01-03 11:59:00,Rajab
Asr,2026-01-03 14:48:00,Rajab
Maghrib,2026-01-03 17:07:00,Rajab
Isha,2026-01-03 18:30:00,Rajab
Fajr,2026-01-04 05:19:00,Rajab
Dhuhr,2026-01-04 11:59:00,Rajab
Asr,2026-01-04 14:49:00,Rajab
Maghrib,2026-01-04 17:08:00,Rajab
Isha,2026-01-04 18:30:00,Rajab
Fajr,2026-01-05 05:19:00,Rajab
Dhuhr,2026-01-05 12:00:00,Rajab
Asr,2026-01-05 14:50:00,Rajab
Maghrib,2026-01-05 17:08:00,Rajab
Isha,2026-01-05 18:31:00,Rajab
Fajr,2026-01-06 05:19:00,Rajab
Dhuhr,2026-01-06 12:00:00,Rajab
Asr,2026-01-06 14:50:00,Rajab
Maghrib,2026-01-06 17:09:00,Rajab
Isha,2026-01-06 18:32:00,Rajab
Fajr,2026-01-07 05:19:00,Rajab
Dhuhr,2026-01-07 12:01:00,Rajab
Asr,2026-01-07 14:51:00,Rajab
Maghrib,2026-01-07 17:10:00,Rajab
Isha,2026-01-07 18:32:00,Rajab
Fajr,2026-01-08 05:20:00,Rajab
Dhuhr,2026-01-08 12:01:00,Rajab
Asr,2026-01-08 14:52:00,Rajab
Maghrib,2026-01-08 17:11:00,Rajab
Isha,2026-01-08 18:33:00,Rajab
Fajr,2026-01-09 05:20:00,Rajab
Dhuhr,2026-01-09 12:01:00,Rajab
Asr,2026-01-09 14:52:00,Rajab
Maghrib,2026-01-09 17:11:00,Rajab
Isha,2026-01-09 18:34:00,Rajab
Fajr,2026-01-10 05:20:00,Rajab
Dhuhr,2026-01-10 12:02:00,Rajab
Asr,2026-01-10 14:53:00,Rajab
Maghrib,2026-01-10 17:12:00,Rajab
Isha,2026-01-10 18:34:00,Rajab
Fajr,2026-01-11 05:20:00,Rajab
Dhuhr,2026-01-11 12:02:00,Rajab
Asr,2026-01-11 14:54:00,Rajab
Maghrib,2026-01-11 17:13:00,Rajab
Isha,2026-01-11 18:35:00,Rajab
Fajr,2026-01-12 05:20:00,Rajab
Dhuhr,2026-01-12 12:03:00,Rajab
Asr,2026-01-12 14:55:00,Rajab
Maghrib,2026-01-12 17:14:00,Rajab
Isha,2026-01-12 18:36:00,Rajab
Fajr,2026-01-13 05:20:00,Rajab
Dhuhr,2026-01-13 12:03:00,Rajab
Asr,2026-01-13 14:55:00,Rajab
Maghrib,2026-01-13 17:15:00,Rajab
Isha,2026-01-13 18:37:00,Rajab
Fajr,2026-01-14 05:20:00,Rajab
Dhuhr,2026-01-14 12:03:00,Rajab
Asr,2026-01-14 14:56:00,Rajab
Maghrib,2026-01-14 17:15:00,Rajab
Isha,2026-01-14 18:37:00,Rajab
Fajr,2026-01-15 05:20:00,Rajab
Dhuhr,2026-01-15 12:04:00,Rajab
Asr,2026-01-15 14:57:00,Rajab
Maghrib,2026-01-15 17:16:00,Rajab
Isha,2026-01-15 18:38:00,Rajab
Fajr,2026-01-16 05:20:00,Rajab
Dhuhr,2026-01-16 12:04:00,Rajab
Asr,2026-01-16 14:58:00,Rajab
Maghrib,2026-01-16 17:17:00,Rajab
Isha,2026-01-16 18:39:00,Rajab
Fajr,2026-01-17 05:20:00,Rajab
Dhuhr,2026-01-17 12:05:00,Rajab
Asr,2026-01-17 14:59:00,Rajab
Maghrib,2026-01-17 17:18:00,Rajab
Isha,2026-01-17 18:40:00,Rajab
Fajr,2026-01-18 05:20:00,Rajab
Dhuhr,2026-01-18 12:05:00,Rajab
Asr,2026-01-18 14:59:00,Rajab
Maghrib,2026-01-18 17:19:00,Rajab
Isha,2026-01-18 18:40:00,Rajab
Fajr,2026-01-19 05:20:00,Rajab
Dhuhr,2026-01-19 12:05:00,Rajab
Asr,2026-01-19 15:00:00,Rajab
Maghrib,2026-01-19 17:20:00,Rajab
Isha,2026-01-19 18:41:00,Rajab
Fajr,2026-01-20 05:20:00,Shaban
Dhuhr,2026-01-20 12:06:00,Shaban
Asr,2026-01-20 15:01:00,Shaban
Maghrib,2026-01-20 17:21:00,Shaban
Isha,2026-01-20 18:42:00,Shaban
Fajr,2026-01-21 05:20:00,Shaban
Dhuhr,2026-01-21 12:06:00,Shaban
Asr,2026-01-21 15:02:00,Shaban
Maghrib,2026-01-21 17:21:00,Shaban
Isha,2026-01-21 18:43:00,Shaban
Fajr,2026-01-22 05:19:00,Shaban
Dhuhr,2026-01-22 12:06:00,Shaban
Asr,2026-01-22 15:02:00,Shaban
Maghrib,2026-01-22 17:22:00,Shaban
Isha,2026-01-22 18:43:00,Shaban
Fajr,2026-01-23 05:19:00,Shaban
Dhuhr,2026-01-23 12:06:00,Shaban
Asr,2026-01-23 15:03:00,Shaban
Maghrib,2026-01-23 17:23:00,Shaban
Isha,2026-01-23 18:44:00,Shaban
Fajr,2026-01-24 05:19:00,Shaban
Dhuhr,2026-01-24 12:07:00,Shaban
Asr,2026-01-24 15:04:00,Shaban
Maghrib,2026-01-24 17:24:00,Shaban
Isha,2026-01-24 18:45:00,Shaban
Fajr,2026-01-25 05:19:00,Shaban
Dhuhr,2026-01-25 12:07:00,Shaban
Asr,2026-01-25 15:05:00,Shaban
Maghrib,2026-01-25 17:25:00,Shaban
Isha,2026-01-25 18:46:00,Shaban
Fajr,2026-01-26 05:18:00,Shaban
Dhuhr,2026-01-26 12:07:00,Shaban
Asr,2026-01-26 15:05:00,Shaban
Maghrib,2026-01-26 17:26:00,Shaban
Isha,2026-01-26 18:46:00,Shaban
Fajr,2026-01-27 05:18:00,Shaban
Dhuhr,2026-01-27 12:07:00,Shaban
Asr,2026-01-27 15:06:00,Shaban
Maghrib,2026-01-27 17:27:00,Shaban
Isha,2026-01-27 18:47:00,Shaban
Fajr,2026-01-28 05:18:00,Shaban
Dhuhr,2026-01-28 12:08:00,Shaban
Asr,2026-01-28 15:07:00,Shaban
Maghrib,2026-01-28 17:28:00,Shaban
Isha,2026-01-28 18:48:00,Shaban
Fajr,2026-01-29 05:17:00,Shaban
Dhuhr,2026-01-29 12:08:00,Shaban
Asr,2026-01-29 15:08:00,Shaban
Maghrib,2026-01-29 17:28:00,Shaban
Isha,2026-01-29 18:49:00,Shaban
Fajr,2026-01-30 05:17:00,Shaban
Dhuhr,2026-01-30 12:08:00,Shaban
Asr,2026-01-30 15:08:00,Shaban
Maghrib,2026-01-30 17:29:00,Shaban
Isha,2026-01-30 18:49:00,Shaban
Fajr,2026-01-31 05:17:00,Shaban
Dhuhr,2026-01-31 12:08:00,Shaban
Asr,2026-01-31 15:09:00,Shaban
Maghrib,2026-01-31 17:30:00,Shaban
Isha,2026-01-31 18:50:00,Shaban
Fajr,2026-02-01 05:16:00,Shaban
Dhuhr,2026-02-01 12:08:00,Shaban
Asr,2026-02-01 15:10:00,Shaban
Maghrib,2026-02-01 17:31:00,Shaban
Isha,2026-02-01 18:51:00,Shaban
Fajr,2026-02-02 05:16:00,Shaban
Dhuhr,2026-02-02 12:08:00,Shaban
Asr,2026-02-02 15:10:00,Shaban
Maghrib,2026-02-02 17:32:00,Shaban
Isha,2026-02-02 18:52:00,Shaban
Fajr,2026-02-03 05:15:00,Shaban
Dhuhr,2026-02-03 12:08:00,Shaban
Asr,2026-02-03 15:11:00,Shaban
Maghrib,2026-02-03 17:33:00,Shaban
Isha,2026-02-03 18:52:00,Shaban
Fajr,2026-02-04 05:15:00,Shaban
Dhuhr,2026-02-04 12:09:00,Shaban
Asr,2026-02-04 15:12:00,Shaban
Maghrib,2026-02-04 17:34:00,Shaban
Isha,2026-02-04 18:53:00,Shaban
Fajr,2026-02-05 05:14:00,Shaban
Dhuhr,2026-02-05 12:09:00,Shaban
Asr,2026-02-05 15:13:00,Shaban
Maghrib,2026-02-05 17:34:00,Shaban
Isha,2026-02-05 18:54:00,Shaban
Fajr,2026-02-06 05:14:00,Shaban
Dhuhr,2026-02-06 12:09:00,Shaban
Asr,2026-02-06 15:13:00,Shaban
Maghrib,2026-02-06 17:35:00,Shaban
Isha,2026-02-06 18:55:00,Shaban
Fajr,2026-02-07 05:13:00,Shaban
Dhuhr,2026-02-07 12:09:00,Shaban
Asr,2026-02-07 15:14:00,Shaban
Maghrib,2026-02-07 17:36:00,Shaban
Isha,2026-02-07 18:55:00,Shaban
Fajr,2026-02-08 05:12:00,Shaban
Dhuhr,2026-02-08 12:09:00,Shaban
Asr,2026-02-08 15:14:00,Shaban
Maghrib,2026-02-08 17:37:00,Shaban
Isha,2026-02-08 18:56:00,Shaban
Fajr,2026-02-09 05:12:00,Shaban
Dhuhr,2026-02-09 12:09:00,Shaban
Asr,2026-02-09 15:15:00,Shaban
Maghrib,2026-02-09 17:38:00,Shaban
Isha,2026-02-09 18:57:00,Shaban
Fajr,2026-02-10 05:11:00,Shaban
Dhuhr,2026-02-10 12:09:00,Shaban
Asr,2026-02-10 15:16:00,Shaban
Maghrib,2026-02-10 17:39:00,Shaban
Isha,2026-02-10 18:57:00,Shaban
Fajr,2026-02-11 05:11:00,Shaban
Dhuhr,2026-02-11 12:09:00,Shaban
Asr,2026-02-11 15:16:00,Shaban
Maghrib,2026-02-11 17:39:00,Shaban
Isha,2026-02-11 18:58:00,Shaban
Fajr,2026-02-12 05:10:00,Shaban
Dhuhr,2026-02-12 12:09:00,Shaban
Asr,2026-02-12 15:17:00,Shaban
Maghrib,2026-02-12 17:40:00,Shaban
Isha,2026-02-12 18:59:00,Shaban
Fajr,2026-02-13 05:09:00,Shaban
Dhuhr,2026-02-13 12:09:00,Shaban
Asr,2026-02-13 15:17:00,Shaban
Maghrib,2026-02-13 17:41:00,Shaban
Isha,2026-02-13 19:00:00,Shaban
Fajr,2026-02-14 05:08:00,Shaban
Dhuhr,2026-02-14 12:09:00,Shaban
Asr,2026-02-14 15:18:00,Shaban
Maghrib,2026-02-14 17:42:00,Shaban
Isha,2026-02-14 19:00:00,Shaban
Fajr,2026-02-15 05:08:00,Shaban
Dhuhr,2026-02-15 12:09:00,Shaban
Asr,2026-02-15 15:19:00,Shaban
Maghrib,2026-02-15 17:43:00,Shaban
Isha,2026-02-15 19:01:00,Shaban
Fajr,2026-02-16 05:07:00,Shaban
Dhuhr,2026-02-16 12:09:00,Shaban
Asr,2026-02-16 15:19:00,Shaban
Maghrib,2026-02-16 17:43:00,Shaban
Isha,2026-02-16 19:02:00,Shaban
Fajr,2026-02-17 05:06:00,Shaban
Dhuhr,2026-02-17 12:09:00,Shaban
Asr,2026-02-17 15:20:00,Shaban
Maghrib,2026-02-17 17:44:00,Shaban
Isha,2026-02-17 19:02:00,Shaban
Fajr,2026-02-18 05:05:00,Ramadan
Dhuhr,2026-02-18 12:09:00,Ramadan
Asr,2026-02-18 15:20:00,Ramadan
Maghrib,2026-02-18 17:45:00,Ramadan
Isha,2026-02-18 19:03:00,Ramadan
Fajr,2026-02-19 05:04:00,Ramadan
Dhuhr,2026-02-19 12:09:00,Ramadan
Asr,2026-02-19 15:21:00,Ramadan
Maghrib,2026-02-19 17:46:00,Ramadan
Isha,2026-02-19 19:04:00,Ramadan
Fajr,2026-02-20 05:04:00,Ramadan
Dhuhr,2026-02-20 12:09:00,Ramadan
Asr,2026-02-20 15:21:00,Ramadan
Maghrib,2026-02-20 17:46:00,Ramadan
Isha,2026-02-20 19:04:00,Ramadan
Fajr,2026-02-21 05:03:00,Ramadan
Dhuhr,2026-02-21 12:09:00,Ramadan
Asr,2026-02-21 15:22:00,Ramadan
Maghrib,2026-02-21 17:47:00,Ramadan
Isha,2026-02-21 19:05:00,Ramadan
Fajr,2026-02-22 05:02:00,Ramadan
Dhuhr,2026-02-22 12:08:00,Ramadan
Asr,2026-02-22 15:22:00,Ramadan
Maghrib,2026-02-22 17:48:00,Ramadan
Isha,2026-02-22 19:06:00,Ramadan
Fajr,2026-02-23 05:01:00,Ramadan
Dhuhr,2026-02-23 12:08:00,Ramadan
Asr,2026-02-23 15:23:00,Ramadan
Maghrib,2026-02-23 17:49:00,Ramadan
Isha,2026-02-23 19:07:00,Ramadan
Fajr,2026-02-24 05:00:00,Ramadan
Dhuhr,2026-02-24 12:08:00,Ramadan
Asr,2026-02-24 15:23:00,Ramadan
Maghrib,2026-02-24 17:49:00,Ramadan
Isha,2026-02-24 19:07:00,Ramadan
Fajr,2026-02-25 04:59:00,Ramadan
Dhuhr,2026-02-25 12:08:00,Ramadan
Asr,2026-02-25 15:23:00,Ramadan
Maghrib,2026-02-25 17:50:00,Ramadan
Isha,2026-02-25 19:08:00,Ramadan
Fajr,2026-02-26 04:58:00,Ramadan
Dhuhr,2026-02-26 12:08:00,Ramadan
Asr,2026-02-26 15:24:00,Ramadan
Maghrib,2026-02-26 17:51:00,Ramadan
Isha,2026-02-26 19:09:00,Ramadan
Fajr,2026-02-27 04:57:00,Ramadan
Dhuhr,2026-02-27 12:08:00,Ramadan
Asr,2026-02-27 15:24:00,Ramadan
Maghrib,2026-02-27 17:52:00,Ramadan
Isha,2026-02-27 19:09:00,Ramadan
Fajr,2026-02-28 04:56:00,Ramadan
Dhuhr,2026-02-28 12:08:00,Ramadan
Asr,2026-02-28 15:25:00,Ramadan
Maghrib,2026-02-28 17:52:00,Ramadan
Isha,2026-02-28 19:10:00,Ramadan
Fajr,2026-03-01 04:55:00,Ramadan
Dhuhr,2026-03-01 12:07:00,Ramadan
Asr,2026-03-01 15:25:00,Ramadan
Maghrib,2026-03-01 17:53:00,Ramadan
Isha,2026-03-01 19:11:00,Ramadan
Fajr,2026-03-02 04:54:00,Ramadan
Dhuhr,2026-03-02 12:07:00,Ramadan
Asr,2026-03-02 15:25:00,Ramadan
Maghrib,2026-03-02 17:54:00,Ramadan
Isha,2026-03-02 19:11:00,Ramadan
Fajr,2026-03-03 04:53:00,Ramadan
Dhuhr,2026-03-03 12:07:00,Ramadan
Asr,2026-03-03 15:26:00,Ramadan
Maghrib,2026-03-03 17:54:00,Ramadan
Isha,2026-03-03 19:12:00,Ramadan
Fajr,2026-03-04 04:52:00,Ramadan
Dhuhr,2026-03-04 12:07:00,Ramadan
Asr,2026-03-04 15:26:00,Ramadan
Maghrib,2026-03-04 17:55:00,Ramadan
Isha,2026-03-04 19:13:00,Ramadan
Fajr,2026-03-05 04:51:00,Ramadan
Dhuhr,2026-03-05 12:07:00,Ramadan
Asr,2026-03-05 15:26:00,Ramadan
Maghrib,2026-03-05 17:56:00,Ramadan
Isha,2026-03-05 19:13:00,Ramadan
Fajr,2026-03-06 04:49:00,Ramadan
Dhuhr,2026-03-06 12:06:00,Ramadan
Asr,2026-03-06 15:27:00,Ramadan
Maghrib,2026-03-06 17:56:00,Ramadan
Isha,2026-03-06 19:14:00,Ramadan
Fajr,2026-03-07 04:48:00,Ramadan
Dhuhr,2026-03-07 12:06:00,Ramadan
Asr,2026-03-07 15:27:00,Ramadan
Maghrib,2026-03-07 17:57:00,Ramadan
Isha,2026-03-07 19:15:00,Ramadan
Fajr,2026-03-08 04:47:00,Ramadan
Dhuhr,2026-03-08 12:06:00,Ramadan
Asr,2026-03-08 15:27:00,Ramadan
Maghrib,2026-03-08 17:58:00,Ramadan
Isha,2026-03-08 19:15:00,Ramadan
Fajr,2026-03-09 04:46:00,Ramadan
Dhuhr,2026-03-09 12:06:00,Ramadan
Asr,2026-03-09 15:27:00,Ramadan
Maghrib,2026-03-09 17:58:00,Ramadan
Isha,2026-03-09 19:16:00,Ramadan
Fajr,2026-03-10 04:45:00,Ramadan
Dhuhr,2026-03-10 12:05:00,Ramadan
Asr,2026-03-10 15:28:00,Ramadan
Maghrib,2026-03-10 17:59:00,Ramadan
Isha,2026-03-10 19:16:00,Ramadan
Fajr,2026-03-11 04:44:00,Ramadan
Dhuhr,2026-03-11 12:05:00,Ramadan
Asr,2026-03-11 15:28:00,Ramadan
Maghrib,2026-03-11 18:00:00,Ramadan
Isha,2026-03-11 19:17:00,Ramadan
Fajr,2026-03-12 04:43:00,Ramadan
Dhuhr,2026-03-12 12:05:00,Ramadan
Asr,2026-03-12 15:28:00,Ramadan
Maghrib,2026-03-12 18:00:00,Ramadan
Isha,2026-03-12 19:18:00,Ramadan
Fajr,2026-03-13 04:41:00,Ramadan
Dhuhr,2026-03-13 12:05:00,Ramadan
Asr,2026-03-13 15:28:00,Ramadan
Maghrib,2026-03-13 18:01:00,Ramadan
Isha,2026-03-13 19:18:00,Ramadan
Fajr,2026-03-14 04:40:00,Ramadan
Dhuhr,2026-03-14 12:04:00,Ramadan
Asr,2026-03-14 15:29:00,Ramadan
Maghrib,2026-03-14 18:02:00,Ramadan
Isha,2026-03-14 19:19:00,Ramadan
Fajr,2026-03-15 04:39:00,Ramadan
Dhuhr,2026-03-15 12:04:00,Ramadan
Asr,2026-03-15 15:29:00,Ramadan
Maghrib,2026-03-15 18:02:00,Ramadan
Isha,2026-03-15 19:20:00,Ramadan
Fajr,2026-03-16 04:38:00,Ramadan
Dhuhr,2026-03-16 12:04:00,Ramadan
Asr,2026-03-16 15:29:00,Ramadan
Maghrib,2026-03-16 18:03:00,Ramadan
Isha,2026-03-16 19:20:00,Ramadan
Fajr,2026-03-17 04:36:00,Ramadan
Dhuhr,2026-03-17 12:03:00,Ramadan
Asr,2026-03-17 15:29:00,Ramadan
Maghrib,2026-03-17 18:04:00,Ramadan
Isha,2026-03-17 19:21:00,Ramadan
Fajr,2026-03-18 04:35:00,Ramadan
Dhuhr,2026-03-18 12:03:00,Ramadan
Asr,2026-03-18 15:29:00,Ramadan
Maghrib,2026-03-18 18:04:00,Ramadan
Isha,2026-03-18 19:22:00,Ramadan
Fajr,2026-03-19 04:34:00,Ramadan
Dhuhr,2026-03-19 12:03:00,Ramadan
Asr,2026-03-19 15:29:00,Ramadan
Maghrib,2026-03-19 18:05:00,Ramadan
Isha,2026-03-19 19:22:00,Ramadan
Fajr,2026-03-20 04:33:00,Shawwal
Dhuhr,2026-03-20 12:03:00,Shawwal
Asr,2026-03-20 15:30:00,Shawwal
Maghrib,2026-03-20 18:05:00,Shawwal
Isha,2026-03-20 19:23:00,Shawwal
Fajr,2026-03-21 04:31:00,Shawwal
Dhuhr,2026-03-21 12:02:00,Shawwal
Asr,2026-03-21 15:30:00,Shawwal
Maghrib,2026-03-21 18:06:00,Shawwal
Isha,2026-03-21 19:24:00,Shawwal
Fajr,2026-03-22 04:30:00,Shawwal
Dhuhr,2026-03-22 12:02:00,Shawwal
Asr,2026-03-22 15:30:00,Shawwal
Maghrib,2026-03-22 18:07:00,Shawwal
Isha,2026-03-22 19:25:00,Shawwal
Fajr,2026-03-23 04:29:00,Shawwal
Dhuhr,2026-03-23 12:02:00,Shawwal
Asr,2026-03-23 15:30:00,Shawwal
Maghrib,2026-03-23 18:07:00,Shawwal
Isha,2026-03-23 19:25:00,Shawwal
Fajr,2026-03-24 04:27:00,Shawwal
Dhuhr,2026-03-24 12:01:00,Shawwal
Asr,2026-03-24 15:30:00,Shawwal
Maghrib,2026-03-24 18:08:00,Shawwal
Isha,2026-03-24 19:26:00,Shawwal
Fajr,2026-03-25 04:26:00,Shawwal
Dhuhr,2026-03-25 12:01:00,Shawwal
Asr,2026-03-25 15:30:00,Shawwal
Maghrib,2026-03-25 18:09:00,Shawwal
Isha,2026-03-25 19:27:00,Shawwal
Fajr,2026-03-26 04:25:00,Shawwal
Dhuhr,2026-03-26 12:01:00,Shawwal
Asr,2026-03-26 15:30:00,Shawwal
Maghrib,2026-03-26 18:09:00,Shawwal
Isha,2026-03-26 19:27:00,Shawwal
Fajr,2026-03-27 04:23:00,Shawwal
Dhuhr,2026-03-27 12:00:00,Shawwal
Asr,2026-03-27 15:30:00,Shawwal
Maghrib,2026-03-27 18:10:00,Shawwal
Isha,2026-03-27 19:28:00,Shawwal
Fajr,2026-03-28 04:22:00,Shawwal
Dhuhr,2026-03-28 12:00:00,Shawwal
Asr,2026-03-28 15:30:00,Shawwal
Maghrib,2026-03-28 18:10:00,Shawwal
Isha,2026-03-28 19:29:00,Shawwal
Fajr,2026-03-29 04:21:00,Shawwal
Dhuhr,2026-03-29 12:00:00,Shawwal
Asr,2026-03-29 15:30:00,Shawwal
Maghrib,2026-03-29 18:11:00,Shawwal
Isha,2026-03-29 19:29:00,Shawwal
Fajr,2026-03-30 04:19:00,Shawwal
Dhuhr,2026-03-30 12:00:00,Shawwal
Asr,2026-03-30 15:30:00,Shawwal
Maghrib,2026-03-30 18:12:00,Shawwal
Isha,2026-03-30 19:30:00,Shawwal
Fajr,2026-03-31 04:18:00,Shawwal
Dhuhr,2026-03-31 11:59:00,Shawwal
Asr,2026-03-31 15:30:00,Shawwal
Maghrib,2026-03-31 18:12:00,Shawwal
Isha,2026-03-31 19:31:00,Shawwal
Fajr,2026-04-01 04:17:00,Shawwal
Dhuhr,2026-04-01 11:59:00,Shawwal
Asr,2026-04-01 15:30:00,Shawwal
Maghrib,2026-04-01 18:13:00,Shawwal
Isha,2026-04-01 19:32:00,Shawwal
Fajr,2026-04-02 04:15:00,Shawwal
Dhuhr,2026-04-02 11:59:00,Shawwal
Asr,2026-04-02 15:30:00,Shawwal
Maghrib,2026-04-02 18:13:00,Shawwal
Isha,2026-04-02 19:32:00,Shawwal
Fajr,2026-04-03 04:14:00,Shawwal
Dhuhr,2026-04-03 11:58:00,Shawwal
Asr,2026-04-03 15:30:00,Shawwal
Maghrib,2026-04-03 18:14:00,Shawwal
Isha,2026-04-03 19:33:00,Shawwal
Fajr,2026-04-04 04:13:00,Shawwal
Dhuhr,2026-04-04 11:58:00,Shawwal
Asr,2026-04-04 15:30:00,Shawwal
Maghrib,2026-04-04 18:15:00,Shawwal
Isha,2026-04-04 19:34:00,Shawwal
Fajr,2026-04-05 04:11:00,Shawwal
Dhuhr,2026-04-05 11:58:00,Shawwal
Asr,2026-04-05 15:30:00,Shawwal
Maghrib,2026-04-05 18:15:00,Shawwal
Isha,2026-04-05 19:34:00,Shawwal
Fajr,2026-04-06 04:10:00,Shawwal
Dhuhr,2026-04-06 11:58:00,Shawwal
Asr,2026-04-06 15:30:00,Shawwal
Maghrib,2026-04-06 18:16:00,Shawwal
Isha,2026-04-06 19:35:00,Shawwal
Fajr,2026-04-07 04:09:00,Shawwal
Dhuhr,2026-04-07 11:57:00,Shawwal
Asr,2026-04-07 15:30:00,Shawwal
Maghrib,2026-04-07 18:16:00,Shawwal
Isha,2026-04-07 19:36:00,Shawwal
Fajr,2026-04-08 04:07:00,Shawwal
Dhuhr,2026-04-08 11:57:00,Shawwal
Asr,2026-04-08 15:30:00,Shawwal
Maghrib,2026-04-08 18:17:00,Shawwal
Isha,2026-04-08 19:37:00,Shawwal
Fajr,2026-04-09 04:06:00,Shawwal
Dhuhr,2026-04-09 11:57:00,Shawwal
Asr,2026-04-09 15:30:00,Shawwal
Maghrib,2026-04-09 18:18:00,Shawwal
Isha,2026-04-09 19:37:00,Shawwal
Fajr,2026-04-10 04:05:00,Shawwal
Dhuhr,2026-04-10 11:56:00,Shawwal
Asr,2026-04-10 15:30:00,Shawwal
Maghrib,2026-04-10 18:18:00,Shawwal
Isha,2026-04-10 19:38:00,Shawwal
Fajr,2026-04-11 04:03:00,Shawwal
Dhuhr,2026-04-11 11:56:00,Shawwal
Asr,2026-04-11 15:30:00,Shawwal
Maghrib,2026-04-11 18:19:00,Shawwal
Isha,2026-04-11 19:39:00,Shawwal
Fajr,2026-04-12 04:02:00,Shawwal
Dhuhr,2026-04-12 11:56:00,Shawwal
Asr,2026-04-12 15:30:00,Shawwal
Maghrib,2026-04-12 18:19:00,Shawwal
Isha,2026-04-12 19:40:00,Shawwal
Fajr,2026-04-13 04:01:00,Shawwal
Dhuhr,2026-04-13 11:56:00,Shawwal
Asr,2026-04-13 15:30:00,Shawwal
Maghrib,2026-04-13 18:20:00,Shawwal
Isha,2026-04-13 19:41:00,Shawwal
Fajr,2026-04-14 03:59:00,Shawwal
Dhuhr,2026-04-14 11:55:00,Shawwal
Asr,2026-04-14 15:30:00,Shawwal
Maghrib,2026-04-14 18:21:00,Shawwal
Isha,2026-04-14 19:41:00,Shawwal
Fajr,2026-04-15 03:58:00,Shawwal
Dhuhr,2026-04-15 11:55:00,Shawwal
Asr,2026-04-15 15:30:00,Shawwal
Maghrib,2026-04-15 18:21:00,Shawwal
Isha,2026-04-15 19:42:00,Shawwal